[
{
  "pk": 1, 
  "model": "contenttypes.contenttype", 
  "fields": {
    "model": "logentry", 
    "name": "log entry", 
    "app_label": "admin"
  }
},
{
  "pk": 2, 
  "model": "contenttypes.contenttype", 
  "fields": {
    "model": "permission", 
    "name": "permission", 
    "app_label": "auth"
  }
},
{
  "pk": 3, 
  "model": "contenttypes.contenttype", 
  "fields": {
    "model": "group", 
    "name": "group", 
    "app_label": "auth"
  }
},
{
  "pk": 4, 
  "model": "contenttypes.contenttype", 
  "fields": {
    "model": "user", 
    "name": "user", 
    "app_label": "auth"
  }
},
{
  "pk": 5, 
  "model": "contenttypes.contenttype", 
  "fields": {
    "model": "contenttype", 
    "name": "content type", 
    "app_label": "contenttypes"
  }
},
{
  "pk": 6, 
  "model": "contenttypes.contenttype", 
  "fields": {
    "model": "session", 
    "name": "session", 
    "app_label": "sessions"
  }
},
{
  "pk": 7, 
  "model": "contenttypes.contenttype", 
  "fields": {
    "model": "revision", 
    "name": "revision", 
    "app_label": "reversion"
  }
},
{
  "pk": 8, 
  "model": "contenttypes.contenttype", 
  "fields": {
    "model": "version", 
    "name": "version", 
    "app_label": "reversion"
  }
},
{
  "pk": 9, 
  "model": "contenttypes.contenttype", 
  "fields": {
    "model": "client", 
    "name": "client", 
    "app_label": "home"
  }
},
{
  "pk": 10, 
  "model": "contenttypes.contenttype", 
  "fields": {
    "model": "project", 
    "name": "project", 
    "app_label": "adm"
  }
},
{
  "pk": 11, 
  "model": "contenttypes.contenttype", 
  "fields": {
    "model": "phase", 
    "name": "phase", 
    "app_label": "adm"
  }
},
{
  "pk": 12, 
  "model": "contenttypes.contenttype", 
  "fields": {
    "model": "attributetype", 
    "name": "attribute type", 
    "app_label": "des"
  }
},
{
  "pk": 13, 
  "model": "contenttypes.contenttype", 
  "fields": {
    "model": "attribute", 
    "name": "attribute", 
    "app_label": "des"
  }
},
{
  "pk": 14, 
  "model": "contenttypes.contenttype", 
  "fields": {
    "model": "itemtype", 
    "name": "item type", 
    "app_label": "des"
  }
},
{
  "pk": 15, 
  "model": "contenttypes.contenttype", 
  "fields": {
    "model": "item", 
    "name": "item", 
    "app_label": "des"
  }
},
{
  "pk": 16, 
  "model": "contenttypes.contenttype", 
  "fields": {
    "model": "baseline", 
    "name": "base line", 
    "app_label": "des"
  }
},
{
  "pk": 17, 
  "model": "contenttypes.contenttype", 
  "fields": {
    "model": "modificationrequest", 
    "name": "modification request", 
    "app_label": "gdc"
  }
},
{
  "pk": "x7g9r20aqyz9pb4vd4bfh8swklftb7wj", 
  "model": "sessions.session", 
  "fields": {
    "expire_date": "2014-06-21T00:22:57.783Z", 
    "session_data": "MmY0YzZlM2Y4NzEyNjk1OWQyZjc2YzY1MjFlZDYxNzNjZDAxNDM1Mjp7Il9hdXRoX3VzZXJfYmFja2VuZCI6ImRqYW5nby5jb250cmliLmF1dGguYmFja2VuZHMuTW9kZWxCYWNrZW5kIiwiX2F1dGhfdXNlcl9pZCI6Mn0="
  }
},
{
  "pk": 1, 
  "model": "reversion.version", 
  "fields": {
    "format": "json", 
    "object_repr": "i1", 
    "object_id": "1", 
    "content_type": 15, 
    "object_id_int": 1, 
    "serialized_data": "[{\"pk\": 1, \"model\": \"des.item\", \"fields\": {\"status\": 0, \"predecessor\": null, \"baseline\": null, \"description\": \"i1\", \"cost\": 1, \"phase\": 1, \"name\": \"i1\"}}]", 
    "revision": 1
  }
},
{
  "pk": 2, 
  "model": "reversion.version", 
  "fields": {
    "format": "json", 
    "object_repr": "ta1", 
    "object_id": "1", 
    "content_type": 13, 
    "object_id_int": 1, 
    "serialized_data": "[{\"pk\": 1, \"model\": \"des.attribute\", \"fields\": {\"attr_date\": null, \"name\": \"ta1\", \"item\": 1, \"attr_int\": null, \"attr_str\": null, \"type\": \"Numerico\", \"attr_bool\": false, \"description\": \"ta1\"}}]", 
    "revision": 2
  }
},
{
  "pk": 3, 
  "model": "reversion.version", 
  "fields": {
    "format": "json", 
    "object_repr": "ta2", 
    "object_id": "2", 
    "content_type": 13, 
    "object_id_int": 2, 
    "serialized_data": "[{\"pk\": 2, \"model\": \"des.attribute\", \"fields\": {\"attr_date\": null, \"name\": \"ta2\", \"item\": 1, \"attr_int\": null, \"attr_str\": null, \"type\": \"Cadena\", \"attr_bool\": false, \"description\": \"ta2\"}}]", 
    "revision": 2
  }
},
{
  "pk": 4, 
  "model": "reversion.version", 
  "fields": {
    "format": "json", 
    "object_repr": "ta3", 
    "object_id": "3", 
    "content_type": 13, 
    "object_id_int": 3, 
    "serialized_data": "[{\"pk\": 3, \"model\": \"des.attribute\", \"fields\": {\"attr_date\": null, \"name\": \"ta3\", \"item\": 1, \"attr_int\": null, \"attr_str\": null, \"type\": \"Booleano\", \"attr_bool\": false, \"description\": \"ta3\"}}]", 
    "revision": 2
  }
},
{
  "pk": 5, 
  "model": "reversion.version", 
  "fields": {
    "format": "json", 
    "object_repr": "ta4", 
    "object_id": "4", 
    "content_type": 13, 
    "object_id_int": 4, 
    "serialized_data": "[{\"pk\": 4, \"model\": \"des.attribute\", \"fields\": {\"attr_date\": null, \"name\": \"ta4\", \"item\": 1, \"attr_int\": null, \"attr_str\": null, \"type\": \"Fecha\", \"attr_bool\": false, \"description\": \"ta4\"}}]", 
    "revision": 2
  }
},
{
  "pk": 6, 
  "model": "reversion.version", 
  "fields": {
    "format": "json", 
    "object_repr": "i2", 
    "object_id": "2", 
    "content_type": 15, 
    "object_id_int": 2, 
    "serialized_data": "[{\"pk\": 2, \"model\": \"des.item\", \"fields\": {\"status\": 0, \"predecessor\": null, \"baseline\": null, \"description\": \"i2\", \"cost\": 2, \"phase\": 1, \"name\": \"i2\"}}]", 
    "revision": 3
  }
},
{
  "pk": 7, 
  "model": "reversion.version", 
  "fields": {
    "format": "json", 
    "object_repr": "i3", 
    "object_id": "3", 
    "content_type": 15, 
    "object_id_int": 3, 
    "serialized_data": "[{\"pk\": 3, \"model\": \"des.item\", \"fields\": {\"status\": 0, \"predecessor\": null, \"baseline\": null, \"description\": \"i3\", \"cost\": 3, \"phase\": 1, \"name\": \"i3\"}}]", 
    "revision": 4
  }
},
{
  "pk": 8, 
  "model": "reversion.version", 
  "fields": {
    "format": "json", 
    "object_repr": "i4", 
    "object_id": "4", 
    "content_type": 15, 
    "object_id_int": 4, 
    "serialized_data": "[{\"pk\": 4, \"model\": \"des.item\", \"fields\": {\"status\": 0, \"predecessor\": null, \"baseline\": null, \"description\": \"i4\", \"cost\": 4, \"phase\": 1, \"name\": \"i4\"}}]", 
    "revision": 5
  }
},
{
  "pk": 9, 
  "model": "reversion.version", 
  "fields": {
    "format": "json", 
    "object_repr": "i2", 
    "object_id": "2", 
    "content_type": 15, 
    "object_id_int": 2, 
    "serialized_data": "[{\"pk\": 2, \"model\": \"des.item\", \"fields\": {\"status\": 0, \"predecessor\": 1, \"baseline\": null, \"description\": \"i2\", \"cost\": 2, \"phase\": 1, \"name\": \"i2\"}}]", 
    "revision": 6
  }
},
{
  "pk": 10, 
  "model": "reversion.version", 
  "fields": {
    "format": "json", 
    "object_repr": "i3", 
    "object_id": "3", 
    "content_type": 15, 
    "object_id_int": 3, 
    "serialized_data": "[{\"pk\": 3, \"model\": \"des.item\", \"fields\": {\"status\": 0, \"predecessor\": 2, \"baseline\": null, \"description\": \"i3\", \"cost\": 3, \"phase\": 1, \"name\": \"i3\"}}]", 
    "revision": 7
  }
},
{
  "pk": 11, 
  "model": "reversion.version", 
  "fields": {
    "format": "json", 
    "object_repr": "i4", 
    "object_id": "4", 
    "content_type": 15, 
    "object_id_int": 4, 
    "serialized_data": "[{\"pk\": 4, \"model\": \"des.item\", \"fields\": {\"status\": 0, \"predecessor\": 2, \"baseline\": null, \"description\": \"i4\", \"cost\": 4, \"phase\": 1, \"name\": \"i4\"}}]", 
    "revision": 8
  }
},
{
  "pk": 12, 
  "model": "reversion.version", 
  "fields": {
    "format": "json", 
    "object_repr": "i4", 
    "object_id": "4", 
    "content_type": 15, 
    "object_id_int": 4, 
    "serialized_data": "[{\"pk\": 4, \"model\": \"des.item\", \"fields\": {\"status\": 0, \"predecessor\": 1, \"baseline\": null, \"description\": \"i4\", \"cost\": 4, \"phase\": 1, \"name\": \"i4\"}}]", 
    "revision": 9
  }
},
{
  "pk": 13, 
  "model": "reversion.version", 
  "fields": {
    "format": "json", 
    "object_repr": "ta1", 
    "object_id": "5", 
    "content_type": 13, 
    "object_id_int": 5, 
    "serialized_data": "[{\"pk\": 5, \"model\": \"des.attribute\", \"fields\": {\"attr_date\": null, \"name\": \"ta1\", \"item\": 2, \"attr_int\": null, \"attr_str\": null, \"type\": \"Numerico\", \"attr_bool\": false, \"description\": \"ta1\"}}]", 
    "revision": 10
  }
},
{
  "pk": 14, 
  "model": "reversion.version", 
  "fields": {
    "format": "json", 
    "object_repr": "ta2", 
    "object_id": "6", 
    "content_type": 13, 
    "object_id_int": 6, 
    "serialized_data": "[{\"pk\": 6, \"model\": \"des.attribute\", \"fields\": {\"attr_date\": null, \"name\": \"ta2\", \"item\": 2, \"attr_int\": null, \"attr_str\": null, \"type\": \"Cadena\", \"attr_bool\": false, \"description\": \"ta2\"}}]", 
    "revision": 10
  }
},
{
  "pk": 15, 
  "model": "reversion.version", 
  "fields": {
    "format": "json", 
    "object_repr": "ta4", 
    "object_id": "8", 
    "content_type": 13, 
    "object_id_int": 8, 
    "serialized_data": "[{\"pk\": 8, \"model\": \"des.attribute\", \"fields\": {\"attr_date\": null, \"name\": \"ta4\", \"item\": 3, \"attr_int\": null, \"attr_str\": null, \"type\": \"Fecha\", \"attr_bool\": false, \"description\": \"ta4\"}}]", 
    "revision": 11
  }
},
{
  "pk": 16, 
  "model": "reversion.version", 
  "fields": {
    "format": "json", 
    "object_repr": "ta3", 
    "object_id": "7", 
    "content_type": 13, 
    "object_id_int": 7, 
    "serialized_data": "[{\"pk\": 7, \"model\": \"des.attribute\", \"fields\": {\"attr_date\": null, \"name\": \"ta3\", \"item\": 3, \"attr_int\": null, \"attr_str\": null, \"type\": \"Booleano\", \"attr_bool\": false, \"description\": \"ta3\"}}]", 
    "revision": 11
  }
},
{
  "pk": 17, 
  "model": "reversion.version", 
  "fields": {
    "format": "json", 
    "object_repr": "ta1", 
    "object_id": "9", 
    "content_type": 13, 
    "object_id_int": 9, 
    "serialized_data": "[{\"pk\": 9, \"model\": \"des.attribute\", \"fields\": {\"attr_date\": null, \"name\": \"ta1\", \"item\": 4, \"attr_int\": null, \"attr_str\": null, \"type\": \"Numerico\", \"attr_bool\": false, \"description\": \"ta1\"}}]", 
    "revision": 12
  }
},
{
  "pk": 18, 
  "model": "reversion.version", 
  "fields": {
    "format": "json", 
    "object_repr": "ta2", 
    "object_id": "10", 
    "content_type": 13, 
    "object_id_int": 10, 
    "serialized_data": "[{\"pk\": 10, \"model\": \"des.attribute\", \"fields\": {\"attr_date\": null, \"name\": \"ta2\", \"item\": 4, \"attr_int\": null, \"attr_str\": null, \"type\": \"Cadena\", \"attr_bool\": false, \"description\": \"ta2\"}}]", 
    "revision": 12
  }
},
{
  "pk": 19, 
  "model": "reversion.version", 
  "fields": {
    "format": "json", 
    "object_repr": "ta3", 
    "object_id": "11", 
    "content_type": 13, 
    "object_id_int": 11, 
    "serialized_data": "[{\"pk\": 11, \"model\": \"des.attribute\", \"fields\": {\"attr_date\": null, \"name\": \"ta3\", \"item\": 4, \"attr_int\": null, \"attr_str\": null, \"type\": \"Booleano\", \"attr_bool\": false, \"description\": \"ta3\"}}]", 
    "revision": 12
  }
},
{
  "pk": 20, 
  "model": "reversion.version", 
  "fields": {
    "format": "json", 
    "object_repr": "ta4", 
    "object_id": "12", 
    "content_type": 13, 
    "object_id_int": 12, 
    "serialized_data": "[{\"pk\": 12, \"model\": \"des.attribute\", \"fields\": {\"attr_date\": null, \"name\": \"ta4\", \"item\": 4, \"attr_int\": null, \"attr_str\": null, \"type\": \"Fecha\", \"attr_bool\": false, \"description\": \"ta4\"}}]", 
    "revision": 12
  }
},
{
  "pk": 1, 
  "model": "adm.phase", 
  "fields": {
    "project": 1, 
    "state": 1, 
    "name": "fase 1", 
    "order": 1
  }
},
{
  "pk": 2, 
  "model": "adm.phase", 
  "fields": {
    "project": 1, 
    "state": 1, 
    "name": "fase 2", 
    "order": 2
  }
},
{
  "pk": 1, 
  "model": "des.attributetype", 
  "fields": {
    "attr_type": "Numerico", 
    "name": "ta1", 
    "description": "ta1"
  }
},
{
  "pk": 2, 
  "model": "des.attributetype", 
  "fields": {
    "attr_type": "Cadena", 
    "name": "ta2", 
    "description": "ta2"
  }
},
{
  "pk": 3, 
  "model": "des.attributetype", 
  "fields": {
    "attr_type": "Booleano", 
    "name": "ta3", 
    "description": "ta3"
  }
},
{
  "pk": 4, 
  "model": "des.attributetype", 
  "fields": {
    "attr_type": "Fecha", 
    "name": "ta4", 
    "description": "ta4"
  }
},
{
  "pk": 1, 
  "model": "des.attribute", 
  "fields": {
    "attr_date": null, 
    "name": "ta1", 
    "item": 1, 
    "attr_int": null, 
    "attr_str": null, 
    "type": "Numerico", 
    "attr_bool": false, 
    "description": "ta1"
  }
},
{
  "pk": 2, 
  "model": "des.attribute", 
  "fields": {
    "attr_date": null, 
    "name": "ta2", 
    "item": 1, 
    "attr_int": null, 
    "attr_str": null, 
    "type": "Cadena", 
    "attr_bool": false, 
    "description": "ta2"
  }
},
{
  "pk": 3, 
  "model": "des.attribute", 
  "fields": {
    "attr_date": null, 
    "name": "ta3", 
    "item": 1, 
    "attr_int": null, 
    "attr_str": null, 
    "type": "Booleano", 
    "attr_bool": false, 
    "description": "ta3"
  }
},
{
  "pk": 4, 
  "model": "des.attribute", 
  "fields": {
    "attr_date": null, 
    "name": "ta4", 
    "item": 1, 
    "attr_int": null, 
    "attr_str": null, 
    "type": "Fecha", 
    "attr_bool": false, 
    "description": "ta4"
  }
},
{
  "pk": 5, 
  "model": "des.attribute", 
  "fields": {
    "attr_date": null, 
    "name": "ta1", 
    "item": 2, 
    "attr_int": null, 
    "attr_str": null, 
    "type": "Numerico", 
    "attr_bool": false, 
    "description": "ta1"
  }
},
{
  "pk": 6, 
  "model": "des.attribute", 
  "fields": {
    "attr_date": null, 
    "name": "ta2", 
    "item": 2, 
    "attr_int": null, 
    "attr_str": null, 
    "type": "Cadena", 
    "attr_bool": false, 
    "description": "ta2"
  }
},
{
  "pk": 7, 
  "model": "des.attribute", 
  "fields": {
    "attr_date": null, 
    "name": "ta3", 
    "item": 3, 
    "attr_int": null, 
    "attr_str": null, 
    "type": "Booleano", 
    "attr_bool": false, 
    "description": "ta3"
  }
},
{
  "pk": 8, 
  "model": "des.attribute", 
  "fields": {
    "attr_date": null, 
    "name": "ta4", 
    "item": 3, 
    "attr_int": null, 
    "attr_str": null, 
    "type": "Fecha", 
    "attr_bool": false, 
    "description": "ta4"
  }
},
{
  "pk": 9, 
  "model": "des.attribute", 
  "fields": {
    "attr_date": null, 
    "name": "ta1", 
    "item": 4, 
    "attr_int": null, 
    "attr_str": null, 
    "type": "Numerico", 
    "attr_bool": false, 
    "description": "ta1"
  }
},
{
  "pk": 10, 
  "model": "des.attribute", 
  "fields": {
    "attr_date": null, 
    "name": "ta2", 
    "item": 4, 
    "attr_int": null, 
    "attr_str": null, 
    "type": "Cadena", 
    "attr_bool": false, 
    "description": "ta2"
  }
},
{
  "pk": 11, 
  "model": "des.attribute", 
  "fields": {
    "attr_date": null, 
    "name": "ta3", 
    "item": 4, 
    "attr_int": null, 
    "attr_str": null, 
    "type": "Booleano", 
    "attr_bool": false, 
    "description": "ta3"
  }
},
{
  "pk": 12, 
  "model": "des.attribute", 
  "fields": {
    "attr_date": null, 
    "name": "ta4", 
    "item": 4, 
    "attr_int": null, 
    "attr_str": null, 
    "type": "Fecha", 
    "attr_bool": false, 
    "description": "ta4"
  }
},
{
  "pk": 1, 
  "model": "des.itemtype", 
  "fields": {
    "attribute_types": [
      1, 
      2, 
      3, 
      4
    ], 
    "name": "ti1", 
    "description": "ti1"
  }
},
{
  "pk": 2, 
  "model": "des.itemtype", 
  "fields": {
    "attribute_types": [
      1, 
      2
    ], 
    "name": "ti2", 
    "description": "ti2"
  }
},
{
  "pk": 3, 
  "model": "des.itemtype", 
  "fields": {
    "attribute_types": [
      3, 
      4
    ], 
    "name": "ti3", 
    "description": "ti3"
  }
},
{
  "pk": 1, 
  "model": "des.item", 
  "fields": {
    "status": 0, 
    "predecessor": null, 
    "baseline": null, 
    "description": "i1", 
    "cost": 1, 
    "phase": 1, 
    "name": "i1"
  }
},
{
  "pk": 2, 
  "model": "des.item", 
  "fields": {
    "status": 0, 
    "predecessor": 1, 
    "baseline": null, 
    "description": "i2", 
    "cost": 2, 
    "phase": 1, 
    "name": "i2"
  }
},
{
  "pk": 3, 
  "model": "des.item", 
  "fields": {
    "status": 0, 
    "predecessor": 2, 
    "baseline": null, 
    "description": "i3", 
    "cost": 3, 
    "phase": 1, 
    "name": "i3"
  }
},
{
  "pk": 4, 
  "model": "des.item", 
  "fields": {
    "status": 0, 
    "predecessor": 1, 
    "baseline": null, 
    "description": "i4", 
    "cost": 4, 
    "phase": 1, 
    "name": "i4"
  }
},
{
  "pk": 1, 
  "model": "des.baseline", 
  "fields": {
    "phase": 1, 
    "state": 0, 
    "name": "linea base 1"
  }
},
{
  "pk": 2, 
  "model": "des.baseline", 
  "fields": {
    "phase": 1, 
    "state": 0, 
    "name": "linea base 2"
  }
},
{
  "pk": 1, 
  "model": "auth.permission", 
  "fields": {
    "codename": "add_logentry", 
    "name": "Can add log entry", 
    "content_type": 1
  }
},
{
  "pk": 2, 
  "model": "auth.permission", 
  "fields": {
    "codename": "change_logentry", 
    "name": "Can change log entry", 
    "content_type": 1
  }
},
{
  "pk": 3, 
  "model": "auth.permission", 
  "fields": {
    "codename": "delete_logentry", 
    "name": "Can delete log entry", 
    "content_type": 1
  }
},
{
  "pk": 4, 
  "model": "auth.permission", 
  "fields": {
    "codename": "add_permission", 
    "name": "Can add permission", 
    "content_type": 2
  }
},
{
  "pk": 5, 
  "model": "auth.permission", 
  "fields": {
    "codename": "change_permission", 
    "name": "Can change permission", 
    "content_type": 2
  }
},
{
  "pk": 6, 
  "model": "auth.permission", 
  "fields": {
    "codename": "delete_permission", 
    "name": "Can delete permission", 
    "content_type": 2
  }
},
{
  "pk": 7, 
  "model": "auth.permission", 
  "fields": {
    "codename": "add_group", 
    "name": "Can add group", 
    "content_type": 3
  }
},
{
  "pk": 8, 
  "model": "auth.permission", 
  "fields": {
    "codename": "change_group", 
    "name": "Can change group", 
    "content_type": 3
  }
},
{
  "pk": 9, 
  "model": "auth.permission", 
  "fields": {
    "codename": "delete_group", 
    "name": "Can delete group", 
    "content_type": 3
  }
},
{
  "pk": 10, 
  "model": "auth.permission", 
  "fields": {
    "codename": "add_user", 
    "name": "Can add user", 
    "content_type": 4
  }
},
{
  "pk": 11, 
  "model": "auth.permission", 
  "fields": {
    "codename": "change_user", 
    "name": "Can change user", 
    "content_type": 4
  }
},
{
  "pk": 12, 
  "model": "auth.permission", 
  "fields": {
    "codename": "delete_user", 
    "name": "Can delete user", 
    "content_type": 4
  }
},
{
  "pk": 13, 
  "model": "auth.permission", 
  "fields": {
    "codename": "add_contenttype", 
    "name": "Can add content type", 
    "content_type": 5
  }
},
{
  "pk": 14, 
  "model": "auth.permission", 
  "fields": {
    "codename": "change_contenttype", 
    "name": "Can change content type", 
    "content_type": 5
  }
},
{
  "pk": 15, 
  "model": "auth.permission", 
  "fields": {
    "codename": "delete_contenttype", 
    "name": "Can delete content type", 
    "content_type": 5
  }
},
{
  "pk": 16, 
  "model": "auth.permission", 
  "fields": {
    "codename": "add_session", 
    "name": "Can add session", 
    "content_type": 6
  }
},
{
  "pk": 17, 
  "model": "auth.permission", 
  "fields": {
    "codename": "change_session", 
    "name": "Can change session", 
    "content_type": 6
  }
},
{
  "pk": 18, 
  "model": "auth.permission", 
  "fields": {
    "codename": "delete_session", 
    "name": "Can delete session", 
    "content_type": 6
  }
},
{
  "pk": 19, 
  "model": "auth.permission", 
  "fields": {
    "codename": "add_revision", 
    "name": "Can add revision", 
    "content_type": 7
  }
},
{
  "pk": 20, 
  "model": "auth.permission", 
  "fields": {
    "codename": "change_revision", 
    "name": "Can change revision", 
    "content_type": 7
  }
},
{
  "pk": 21, 
  "model": "auth.permission", 
  "fields": {
    "codename": "delete_revision", 
    "name": "Can delete revision", 
    "content_type": 7
  }
},
{
  "pk": 22, 
  "model": "auth.permission", 
  "fields": {
    "codename": "add_version", 
    "name": "Can add version", 
    "content_type": 8
  }
},
{
  "pk": 23, 
  "model": "auth.permission", 
  "fields": {
    "codename": "change_version", 
    "name": "Can change version", 
    "content_type": 8
  }
},
{
  "pk": 24, 
  "model": "auth.permission", 
  "fields": {
    "codename": "delete_version", 
    "name": "Can delete version", 
    "content_type": 8
  }
},
{
  "pk": 25, 
  "model": "auth.permission", 
  "fields": {
    "codename": "add_client", 
    "name": "Can add client", 
    "content_type": 9
  }
},
{
  "pk": 26, 
  "model": "auth.permission", 
  "fields": {
    "codename": "change_client", 
    "name": "Can change client", 
    "content_type": 9
  }
},
{
  "pk": 27, 
  "model": "auth.permission", 
  "fields": {
    "codename": "delete_client", 
    "name": "Can delete client", 
    "content_type": 9
  }
},
{
  "pk": 28, 
  "model": "auth.permission", 
  "fields": {
    "codename": "puede_crear_usuario", 
    "name": "Puede crear usuario", 
    "content_type": 9
  }
},
{
  "pk": 29, 
  "model": "auth.permission", 
  "fields": {
    "codename": "puede_modificar_usuario", 
    "name": "Puede modificar usuario", 
    "content_type": 9
  }
},
{
  "pk": 30, 
  "model": "auth.permission", 
  "fields": {
    "codename": "puede_eliminar_usuario", 
    "name": "Puede eliminar usuario", 
    "content_type": 9
  }
},
{
  "pk": 31, 
  "model": "auth.permission", 
  "fields": {
    "codename": "puede_visualizar_usuario", 
    "name": "Puede visualizar usuario", 
    "content_type": 9
  }
},
{
  "pk": 32, 
  "model": "auth.permission", 
  "fields": {
    "codename": "puede_asignar_usuario", 
    "name": "Puede asignar usuario", 
    "content_type": 9
  }
},
{
  "pk": 33, 
  "model": "auth.permission", 
  "fields": {
    "codename": "puede_crear_rol", 
    "name": "Puede crear rol", 
    "content_type": 9
  }
},
{
  "pk": 34, 
  "model": "auth.permission", 
  "fields": {
    "codename": "puede_modificar_rol", 
    "name": "Puede modificar rol", 
    "content_type": 9
  }
},
{
  "pk": 35, 
  "model": "auth.permission", 
  "fields": {
    "codename": "puede_eliminar_rol", 
    "name": "Puede eliminar rol", 
    "content_type": 9
  }
},
{
  "pk": 36, 
  "model": "auth.permission", 
  "fields": {
    "codename": "puede_visualizar_rol", 
    "name": "Puede visualizar rol", 
    "content_type": 9
  }
},
{
  "pk": 37, 
  "model": "auth.permission", 
  "fields": {
    "codename": "puede_asignar_rol", 
    "name": "Puede asignar rol", 
    "content_type": 9
  }
},
{
  "pk": 38, 
  "model": "auth.permission", 
  "fields": {
    "codename": "puede_asignar_permiso", 
    "name": "Puede asignar permiso", 
    "content_type": 9
  }
},
{
  "pk": 39, 
  "model": "auth.permission", 
  "fields": {
    "codename": "add_project", 
    "name": "Can add project", 
    "content_type": 10
  }
},
{
  "pk": 40, 
  "model": "auth.permission", 
  "fields": {
    "codename": "change_project", 
    "name": "Can change project", 
    "content_type": 10
  }
},
{
  "pk": 41, 
  "model": "auth.permission", 
  "fields": {
    "codename": "delete_project", 
    "name": "Can delete project", 
    "content_type": 10
  }
},
{
  "pk": 42, 
  "model": "auth.permission", 
  "fields": {
    "codename": "puede_crear_proyecto", 
    "name": "Puede crear proyecto", 
    "content_type": 10
  }
},
{
  "pk": 43, 
  "model": "auth.permission", 
  "fields": {
    "codename": "puede_modificar_proyecto", 
    "name": "Puede modificar proyecto", 
    "content_type": 10
  }
},
{
  "pk": 44, 
  "model": "auth.permission", 
  "fields": {
    "codename": "puede_eliminar_proyecto", 
    "name": "Puede eliminar proyecto", 
    "content_type": 10
  }
},
{
  "pk": 45, 
  "model": "auth.permission", 
  "fields": {
    "codename": "puede_visualizar_proyecto", 
    "name": "Puede visualizar proyecto", 
    "content_type": 10
  }
},
{
  "pk": 46, 
  "model": "auth.permission", 
  "fields": {
    "codename": "add_phase", 
    "name": "Can add phase", 
    "content_type": 11
  }
},
{
  "pk": 47, 
  "model": "auth.permission", 
  "fields": {
    "codename": "change_phase", 
    "name": "Can change phase", 
    "content_type": 11
  }
},
{
  "pk": 48, 
  "model": "auth.permission", 
  "fields": {
    "codename": "delete_phase", 
    "name": "Can delete phase", 
    "content_type": 11
  }
},
{
  "pk": 49, 
  "model": "auth.permission", 
  "fields": {
    "codename": "puede_crear_fase", 
    "name": "Puede crear fase", 
    "content_type": 11
  }
},
{
  "pk": 50, 
  "model": "auth.permission", 
  "fields": {
    "codename": "puede_modificar_fase", 
    "name": "Puede modificar fase", 
    "content_type": 11
  }
},
{
  "pk": 51, 
  "model": "auth.permission", 
  "fields": {
    "codename": "puede_eliminar_fase", 
    "name": "Puede eliminar fase", 
    "content_type": 11
  }
},
{
  "pk": 52, 
  "model": "auth.permission", 
  "fields": {
    "codename": "puede_visualizar_fase", 
    "name": "Puede visualizar fase", 
    "content_type": 11
  }
},
{
  "pk": 53, 
  "model": "auth.permission", 
  "fields": {
    "codename": "add_attributetype", 
    "name": "Can add attribute type", 
    "content_type": 12
  }
},
{
  "pk": 54, 
  "model": "auth.permission", 
  "fields": {
    "codename": "change_attributetype", 
    "name": "Can change attribute type", 
    "content_type": 12
  }
},
{
  "pk": 55, 
  "model": "auth.permission", 
  "fields": {
    "codename": "delete_attributetype", 
    "name": "Can delete attribute type", 
    "content_type": 12
  }
},
{
  "pk": 56, 
  "model": "auth.permission", 
  "fields": {
    "codename": "puede_crear_tipo_de_atributo", 
    "name": "Puede crear Tipo de Atributo", 
    "content_type": 12
  }
},
{
  "pk": 57, 
  "model": "auth.permission", 
  "fields": {
    "codename": "puede_modificar_tipo_de_atributo", 
    "name": "Puede modificar Tipo de Atributo", 
    "content_type": 12
  }
},
{
  "pk": 58, 
  "model": "auth.permission", 
  "fields": {
    "codename": "puede_eliminar_tipo_de_atributo", 
    "name": "Puede eliminar Tipo de Atributo", 
    "content_type": 12
  }
},
{
  "pk": 59, 
  "model": "auth.permission", 
  "fields": {
    "codename": "puede_visualizar_tipo_de_atributo", 
    "name": "Puede visualizar Tipo de Atributo", 
    "content_type": 12
  }
},
{
  "pk": 60, 
  "model": "auth.permission", 
  "fields": {
    "codename": "puede_asignar_tipo_de_atributo", 
    "name": "Puede asignar Tipo de Atributo", 
    "content_type": 12
  }
},
{
  "pk": 61, 
  "model": "auth.permission", 
  "fields": {
    "codename": "add_attribute", 
    "name": "Can add attribute", 
    "content_type": 13
  }
},
{
  "pk": 62, 
  "model": "auth.permission", 
  "fields": {
    "codename": "change_attribute", 
    "name": "Can change attribute", 
    "content_type": 13
  }
},
{
  "pk": 63, 
  "model": "auth.permission", 
  "fields": {
    "codename": "delete_attribute", 
    "name": "Can delete attribute", 
    "content_type": 13
  }
},
{
  "pk": 64, 
  "model": "auth.permission", 
  "fields": {
    "codename": "puede_crear_atributo", 
    "name": "Puede crear Atributo", 
    "content_type": 13
  }
},
{
  "pk": 65, 
  "model": "auth.permission", 
  "fields": {
    "codename": "puede_modificar_atributo", 
    "name": "Puede modificar Atributo", 
    "content_type": 13
  }
},
{
  "pk": 66, 
  "model": "auth.permission", 
  "fields": {
    "codename": "puede_eliminar_atributo", 
    "name": "Puede eliminar Atributo", 
    "content_type": 13
  }
},
{
  "pk": 67, 
  "model": "auth.permission", 
  "fields": {
    "codename": "puede_visualizar_atributo", 
    "name": "Puede visualizar Atributo", 
    "content_type": 13
  }
},
{
  "pk": 68, 
  "model": "auth.permission", 
  "fields": {
    "codename": "puede_asignar_atributo", 
    "name": "Puede asignar Atributo", 
    "content_type": 13
  }
},
{
  "pk": 69, 
  "model": "auth.permission", 
  "fields": {
    "codename": "add_itemtype", 
    "name": "Can add item type", 
    "content_type": 14
  }
},
{
  "pk": 70, 
  "model": "auth.permission", 
  "fields": {
    "codename": "change_itemtype", 
    "name": "Can change item type", 
    "content_type": 14
  }
},
{
  "pk": 71, 
  "model": "auth.permission", 
  "fields": {
    "codename": "delete_itemtype", 
    "name": "Can delete item type", 
    "content_type": 14
  }
},
{
  "pk": 72, 
  "model": "auth.permission", 
  "fields": {
    "codename": "puede_crear_tipo_de_item", 
    "name": "Puede crear Tipo de \u00cdtem", 
    "content_type": 14
  }
},
{
  "pk": 73, 
  "model": "auth.permission", 
  "fields": {
    "codename": "puede_modificar_tipo_de_item", 
    "name": "Puede modificar Tipo de \u00cdtem", 
    "content_type": 14
  }
},
{
  "pk": 74, 
  "model": "auth.permission", 
  "fields": {
    "codename": "puede_eliminar_tipo_de_item", 
    "name": "Puede eliminar Tipo de \u00cdtem", 
    "content_type": 14
  }
},
{
  "pk": 75, 
  "model": "auth.permission", 
  "fields": {
    "codename": "puede_visualizar_tipo_de_item", 
    "name": "Puede visualizar Tipo de \u00cdtem", 
    "content_type": 14
  }
},
{
  "pk": 76, 
  "model": "auth.permission", 
  "fields": {
    "codename": "puede_asignar_tipo_de_item", 
    "name": "Puede asignar Tipo de \u00cdtem", 
    "content_type": 14
  }
},
{
  "pk": 77, 
  "model": "auth.permission", 
  "fields": {
    "codename": "add_item", 
    "name": "Can add item", 
    "content_type": 15
  }
},
{
  "pk": 78, 
  "model": "auth.permission", 
  "fields": {
    "codename": "change_item", 
    "name": "Can change item", 
    "content_type": 15
  }
},
{
  "pk": 79, 
  "model": "auth.permission", 
  "fields": {
    "codename": "delete_item", 
    "name": "Can delete item", 
    "content_type": 15
  }
},
{
  "pk": 80, 
  "model": "auth.permission", 
  "fields": {
    "codename": "puede_crear_item", 
    "name": "Puede crear \u00cdtem", 
    "content_type": 15
  }
},
{
  "pk": 81, 
  "model": "auth.permission", 
  "fields": {
    "codename": "puede_modificar_item", 
    "name": "Puede modificar \u00cdtem", 
    "content_type": 15
  }
},
{
  "pk": 82, 
  "model": "auth.permission", 
  "fields": {
    "codename": "puede_eliminar_item", 
    "name": "Puede eliminar \u00cdtem", 
    "content_type": 15
  }
},
{
  "pk": 83, 
  "model": "auth.permission", 
  "fields": {
    "codename": "puede_visualizar_item", 
    "name": "Puede visualizar \u00cdtem", 
    "content_type": 15
  }
},
{
  "pk": 84, 
  "model": "auth.permission", 
  "fields": {
    "codename": "puede_asignar_item", 
    "name": "Puede asignar \u00cdtem", 
    "content_type": 15
  }
},
{
  "pk": 85, 
  "model": "auth.permission", 
  "fields": {
    "codename": "add_baseline", 
    "name": "Can add base line", 
    "content_type": 16
  }
},
{
  "pk": 86, 
  "model": "auth.permission", 
  "fields": {
    "codename": "change_baseline", 
    "name": "Can change base line", 
    "content_type": 16
  }
},
{
  "pk": 87, 
  "model": "auth.permission", 
  "fields": {
    "codename": "delete_baseline", 
    "name": "Can delete base line", 
    "content_type": 16
  }
},
{
  "pk": 88, 
  "model": "auth.permission", 
  "fields": {
    "codename": "puede_crear_linea_base", 
    "name": "Puede crear Linea Base", 
    "content_type": 16
  }
},
{
  "pk": 89, 
  "model": "auth.permission", 
  "fields": {
    "codename": "puede_modificar_linea_base", 
    "name": "Puede modificar Linea Base", 
    "content_type": 16
  }
},
{
  "pk": 90, 
  "model": "auth.permission", 
  "fields": {
    "codename": "puede_eliminar_linea_base", 
    "name": "Puede eliminar Linea Base", 
    "content_type": 16
  }
},
{
  "pk": 91, 
  "model": "auth.permission", 
  "fields": {
    "codename": "puede_visualizar_linea_base", 
    "name": "Puede visualizar Linea Base", 
    "content_type": 16
  }
},
{
  "pk": 92, 
  "model": "auth.permission", 
  "fields": {
    "codename": "puede_asignar_linea_base", 
    "name": "Puede asignar Linea Base", 
    "content_type": 16
  }
},
{
  "pk": 93, 
  "model": "auth.permission", 
  "fields": {
    "codename": "add_modificationrequest", 
    "name": "Can add modification request", 
    "content_type": 17
  }
},
{
  "pk": 94, 
  "model": "auth.permission", 
  "fields": {
    "codename": "change_modificationrequest", 
    "name": "Can change modification request", 
    "content_type": 17
  }
},
{
  "pk": 95, 
  "model": "auth.permission", 
  "fields": {
    "codename": "delete_modificationrequest", 
    "name": "Can delete modification request", 
    "content_type": 17
  }
},
{
  "pk": 96, 
  "model": "auth.permission", 
  "fields": {
    "codename": "puede_crear_peticion_de_cambio", 
    "name": "Puede crear Peticion de cambio", 
    "content_type": 17
  }
},
{
  "pk": 97, 
  "model": "auth.permission", 
  "fields": {
    "codename": "puede_modificar_peticion_de_cambio", 
    "name": "Puede modificar Peticion de cambio", 
    "content_type": 17
  }
},
{
  "pk": 98, 
  "model": "auth.permission", 
  "fields": {
    "codename": "puede_eliminar_peticion_de_cambio", 
    "name": "Puede eliminar Peticion de cambio", 
    "content_type": 17
  }
},
{
  "pk": 99, 
  "model": "auth.permission", 
  "fields": {
    "codename": "puede_visualizar_peticion_de_cambio", 
    "name": "Puede visualizar Peticion de cambio", 
    "content_type": 17
  }
},
{
  "pk": 1, 
  "model": "auth.group", 
  "fields": {
    "name": "administrador", 
    "permissions": [
      49, 
      51, 
      50, 
      52, 
      42, 
      44, 
      43, 
      45, 
      68, 
      64, 
      66, 
      65, 
      67, 
      60, 
      56, 
      58, 
      57, 
      59, 
      92, 
      88, 
      90, 
      89, 
      91, 
      84, 
      80, 
      82, 
      81, 
      83, 
      76, 
      72, 
      74, 
      73, 
      75, 
      96, 
      98, 
      97, 
      99, 
      38, 
      37, 
      32, 
      33, 
      28, 
      35, 
      30, 
      34, 
      29, 
      36, 
      31
    ]
  }
},
{
  "pk": 2, 
  "model": "auth.group", 
  "fields": {
    "name": "cliente", 
    "permissions": [
      49, 
      51, 
      50, 
      52, 
      42, 
      44, 
      43, 
      45, 
      68, 
      64, 
      66, 
      65, 
      67, 
      60, 
      56, 
      58, 
      57, 
      59, 
      92, 
      88, 
      90, 
      89, 
      91, 
      84, 
      80, 
      82, 
      81, 
      83, 
      76, 
      72, 
      74, 
      73, 
      75, 
      96, 
      98, 
      97, 
      99, 
      32, 
      31
    ]
  }
},
{
  "pk": 1, 
  "model": "auth.user", 
  "fields": {
    "username": "admin", 
    "first_name": "", 
    "last_name": "", 
    "is_active": true, 
    "is_superuser": true, 
    "is_staff": true, 
    "last_login": "2014-06-07T00:22:09.549Z", 
    "groups": [], 
    "user_permissions": [], 
    "password": "pbkdf2_sha256$12000$voEty94hmE3w$2RBPNzh3YRt2ZK6mq2Ku5hwxlGdeUDgsQaIfvMuvDqw=", 
    "email": "", 
    "date_joined": "2014-06-07T00:11:48.868Z"
  }
},
{
  "pk": 2, 
  "model": "auth.user", 
  "fields": {
    "username": "akira", 
    "first_name": "Akira", 
    "last_name": "Shimosoeda", 
    "is_active": true, 
    "is_superuser": false, 
    "is_staff": false, 
    "last_login": "2014-06-07T00:22:57.772Z", 
    "groups": [
      1
    ], 
    "user_permissions": [], 
    "password": "pbkdf2_sha256$12000$Z5f7J9cZJKoW$kpJw5Z2fpVHMOA2itVp1A1w5oQCFsdrVCEUgc+Vg9dk=", 
    "email": "akirashimosoeda@gmail.com", 
    "date_joined": "2014-06-07T00:12:57.227Z"
  }
},
{
  "pk": 3, 
  "model": "auth.user", 
  "fields": {
    "username": "marcos", 
    "first_name": "Marcos", 
    "last_name": "Aquino", 
    "is_active": true, 
    "is_superuser": false, 
    "is_staff": false, 
    "last_login": "2014-06-07T00:13:17.510Z", 
    "groups": [
      1
    ], 
    "user_permissions": [], 
    "password": "pbkdf2_sha256$12000$fe9BEPZSincS$uVX+wZe7d4TBnnD/wqSLZF5MhlHiFMKpATYXY6n8Sq4=", 
    "email": "aquinoishii@gmail.com", 
    "date_joined": "2014-06-07T00:13:17.510Z"
  }
},
{
  "pk": 4, 
  "model": "auth.user", 
  "fields": {
    "username": "user1", 
    "first_name": "user1", 
    "last_name": "user1", 
    "is_active": true, 
    "is_superuser": false, 
    "is_staff": false, 
    "last_login": "2014-06-07T00:21:22.348Z", 
    "groups": [
      2
    ], 
    "user_permissions": [], 
    "password": "pbkdf2_sha256$12000$ruFQMFQfVl8X$0e+4ikH/fUNmnePSwO8LVpOXRTqXo1N+mH3ckqTBvNc=", 
    "email": "user1@example.com", 
    "date_joined": "2014-06-07T00:13:44.176Z"
  }
},
{
  "pk": 1, 
  "model": "reversion.revision", 
  "fields": {
    "comment": "", 
    "date_created": "2014-06-07T00:25:25.777Z", 
    "manager_slug": "default", 
    "user": 2
  }
},
{
  "pk": 2, 
  "model": "reversion.revision", 
  "fields": {
    "comment": "", 
    "date_created": "2014-06-07T00:25:32.234Z", 
    "manager_slug": "default", 
    "user": 2
  }
},
{
  "pk": 3, 
  "model": "reversion.revision", 
  "fields": {
    "comment": "", 
    "date_created": "2014-06-07T00:25:38.779Z", 
    "manager_slug": "default", 
    "user": 2
  }
},
{
  "pk": 4, 
  "model": "reversion.revision", 
  "fields": {
    "comment": "", 
    "date_created": "2014-06-07T00:25:43.482Z", 
    "manager_slug": "default", 
    "user": 2
  }
},
{
  "pk": 5, 
  "model": "reversion.revision", 
  "fields": {
    "comment": "", 
    "date_created": "2014-06-07T00:25:49.268Z", 
    "manager_slug": "default", 
    "user": 2
  }
},
{
  "pk": 6, 
  "model": "reversion.revision", 
  "fields": {
    "comment": "", 
    "date_created": "2014-06-07T00:25:59.655Z", 
    "manager_slug": "default", 
    "user": 2
  }
},
{
  "pk": 7, 
  "model": "reversion.revision", 
  "fields": {
    "comment": "", 
    "date_created": "2014-06-07T00:26:06.719Z", 
    "manager_slug": "default", 
    "user": 2
  }
},
{
  "pk": 8, 
  "model": "reversion.revision", 
  "fields": {
    "comment": "", 
    "date_created": "2014-06-07T00:26:15.797Z", 
    "manager_slug": "default", 
    "user": 2
  }
},
{
  "pk": 9, 
  "model": "reversion.revision", 
  "fields": {
    "comment": "", 
    "date_created": "2014-06-07T00:26:17.583Z", 
    "manager_slug": "default", 
    "user": 2
  }
},
{
  "pk": 10, 
  "model": "reversion.revision", 
  "fields": {
    "comment": "", 
    "date_created": "2014-06-07T00:26:33.508Z", 
    "manager_slug": "default", 
    "user": 2
  }
},
{
  "pk": 11, 
  "model": "reversion.revision", 
  "fields": {
    "comment": "", 
    "date_created": "2014-06-07T00:26:38.766Z", 
    "manager_slug": "default", 
    "user": 2
  }
},
{
  "pk": 12, 
  "model": "reversion.revision", 
  "fields": {
    "comment": "", 
    "date_created": "2014-06-07T00:26:44.152Z", 
    "manager_slug": "default", 
    "user": 2
  }
},
{
  "pk": 1, 
  "model": "home.client", 
  "fields": {
    "observation": "Owner", 
    "user": 2, 
    "address": "Indio Francisco 3370", 
    "telephone": "+595983506377"
  }
},
{
  "pk": 2, 
  "model": "home.client", 
  "fields": {
    "observation": "Owner", 
    "user": 3, 
    "address": "Indio Francisco 3370", 
    "telephone": "+595983184214"
  }
},
{
  "pk": 3, 
  "model": "home.client", 
  "fields": {
    "observation": "", 
    "user": 4, 
    "address": "", 
    "telephone": "0"
  }
},
{
  "pk": 1, 
  "model": "adm.project", 
  "fields": {
    "users": [
      3, 
      4, 
      1, 
      2
    ], 
    "state": 1, 
    "name": "p-akira", 
    "committee": [
      3, 
      4, 
      1, 
      2
    ], 
    "description": "p-akira"
  }
}
]
